steps,episode,total_return,episode_len,episode_return,total_bad_episodes,denoised_return
10,1,-0.006,10,-0.006,1,0
20,2,-0.012000000000000004,10,-0.006,2,0
30,3,-0.01800000000000001,10,-0.006,3,0
40,4,-0.024000000000000014,10,-0.006,4,0
50,5,-0.03000000000000002,10,-0.006,5,0
60,6,-0.036000000000000025,10,-0.006,6,0
70,7,-0.04200000000000003,10,-0.006,7,0
80,8,-0.048000000000000036,10,-0.006,8,0
90,9,-0.05400000000000004,10,-0.006,9,0
100,10,-0.060000000000000046,10,-0.006,10,0
